Promotion,Emplyee name retreachment,Find Duplicates,
Abbey Schindler,Adalberto W Creek,N, 
Abe J Macleod,Adelaide L Harrop,N, 
Abe Morales,Alexis Q Grose,N, 
Abe X Paro,Allyn O Farrior,N, 
Abram Q Keffer,America V Lobel,N, 
Abram S Manrique,Amiee Z Chaffins,N, 
Adalberto W Creek,Andrew Detweiler,N, 
Adam B Katzer,Asa E Kunze,N, 
Adelaide L Harrop,August C Navarette,N, 
Adele M Burnam,Bell N Molinaro,N, 
Adelia Abbas,Bennie E Manfredi,N, 
Adelia U Villagomez,Benny S Brinker,N, 
Adell W Trower,Bernie M Kish,N, 
Adella U Foushee,Brendon E Mone,N, 
Adelle E Brunner,Bridget D Spadaro,N, 
Adria M Melendrez,Buck H Rancourt,N, 
Adriana O Medved,Cameron A Chamberland,N, 
Agnes Blow,Candelaria Q Zajicek,N, 
Agnes D Doud,Candelaria Zajicek,N, 
Ahmad V Lynde,Carlotta T Ryles,N, 
Ahmed C Minch,Carmelia E Bergeron,N, 
Ahmed I Strope,Cedric N Cavallo,N, 
Ahmed V Lease,Christene F Blakemore,N, 
Aiko Blossom,Christie Rodger,N, 
Aileen F Hiltz,Cliff Skipworth,N, 
Aileen Hiltz,Cole N Poling,N, 
Akiko S Godby,Deanna P Scoggin,N, 
Al Fegley,Dee Joslyn,N, 
Alanna L Tyrell,Detra D Rymer,N, 
Albert Z Dunford,Devin Hales,N, 
Alda F Penning,Digna Q Eck,N, 
Alden Cauley,Doyle Utter,N, 
Alden Y Cauley,Dulce E Grizzard,N, 
Alease Lander,Edmund Mcclung,N, 
Alease Y Lander,Ela K Hames,N, 
Alec Mcnees,Eldridge B Bose,N, 
Aleisha H Mathew,Elsy B Latta,N, 
Alesia B Bear,Elvis J Stroh,N, 
Alexis C Amaral,Elvis Veiga,N, 
Alexis D Bonelli,Fernando S Korhonen,N, 
Alexis Q Grose,Gabriel E Pearsall,N, 
Alfonzo Knupp,Garnett Dryer,N, 
Alfred L Strausbaugh,Garrett Nolette,N, 
Alina L Prowell,Garrett S Nolette,N, 
Alise Baltzell,Grisel R Whitty,N, 
Alise O Baltzell,Harland S Renshaw,N, 
Alisha D Coppock,Honey D Eaves,N, 
Aliza X Sammons,Hong M Townson,N, 
Allen L Vachon,Inocencia Z Buteau,N, 
Allene T Lepe,Jamaal Z Resto,N, 
Alline V Kushner,Jamel Meaney,N, 
Allyn O Farrior,Janie P Caswell,N, 
Allyson I Ours,Jayson S Carrol,N, 
Almeda M Dunford,Jenni Olguin,N, 
Alonzo W Stanford,Jocelyn Q Scotti,N, 
Alphonso Laffoon,Jody K Rude,N, 
Alphonso U Laffoon,Jolanda Dewees,N, 
Alysia Basil,Jon Arvizu,N, 
Amada J Knouse,Jordan Phu,N, 
Amado C Bonet,Julius Q Stock,N, 
Amelia H Burbank,Kassie Q Binder,N, 
America V Lobel,Katie N Kinnison,N, 
Amiee Z Chaffins,Keila A Lucas,N, 
Analisa X Birdsell,Keira Y Till,N, 
Andre Q Maxon,Ken X Weisberg,N, 
Andrea Rhymes,Kenton Q Villalta,N, 
Andreas L Kennard,Kimberlee J Hawkins,N, 
Andreas T Viles,Kristopher Alejos,N, 
Andres P Towles,Lamar W Estill,N, 
Andres S Garner,Larisa Still,N, 
Andrew D Hersey,Larry K Mash,N, 
Andrew Detweiler,Latia Gleaton,N, 
Andrew P Detweiler,Launa N Kohl,N, 
Andria Z Reza,Laurena P Caston,N, 
Angel F Palomino,Lenny U Rister,N, 
Angel Ferebee,Loren H Mckenzie,N, 
Angela P Lorenzen,Lorriane P Ho,N, 
Angelo B Fitzmaurice,Lyn Tso,N, 
Anibal F Pieper,Margrett M Confer,N, 
Anisha Jasmin,Maximina K Frates,N, 
Annabelle E Encinas,Micaela N Buker,N, 
Annette Jolin,Narcisa C Rayburn,N, 
Antone Polston,Nettie T Mccandless,N, 
Antone W Polston,Oren M Mcnabb,N, 
Archie Blair,Oren Mcnabb,N, 
Arden B Fujita,Orval Q Olinger,N, 
Arlen F Maly,Patria D Riedel,N, 
Arlen Joly,Raymundo Pecora,N, 
Arlen M Joly,Reinaldo G Castellanos,N, 
Arlen Z Vanslyke,Reynaldo S Service,N, 
Armando H Seaborn,Sammy C Holtzclaw,N, 
Armida Bridwell,Sarita P Schubert,N, 
Arnoldo D Mckeen,Scott D Torrey,N, 
Aron Durante,Shanti P Brinegar,N, 
Arron R Vegas,Shavonne Henkle,N, 
Arturo N Halvorsen,Sherwood K Shire,N, 
Asa E Kunze,Sol K Roger,N, 
Ashanti R Swim,Stephan Q Ranger,N, 
Ashlie G Cadena,Stewart Mazurek,N, 
Asley F Mcewan,Susana H Hooks,N, 
Astrid Marinelli,Tamera Balser,N, 
Astrid R Marinelli,Taneka Q Church,N, 
Asuncion X Braunstein,Taylor Thill,N, 
Audrea B Prather,Therese Q Belden,N, 
Audrea K Papineau,Tiny Q Llanos,N, 
Audria W Barrios,Toney O Gentle,N, 
Audrie X Mccammon,Toney W Bollman,N, 
August C Navarette,Toya B Rawlins,N, 
August C Strother,Valene Z Woodmansee,N, 
August F Dones,Vaughn Garica,N, 
Augusta G Kircher,Vernell X Amado,N, 
Aundrea W Lundberg,Vikki N Lezama,N, 
Aurelio K Wyckoff,Violet L Ertel,N, 
Austin Janney,Walton S Keim,N, 
Ayako Bachmann,Willia Vath,N, 
Ayako L Bachmann,Windy A Dudek,N, 
Barak Sali,Wm S Goldschmidt,N, 
Barrie Collman,Abbey Schindler,N, 
Barrie E Collman,Abe J Macleod,N, 
Bart B Gilcrease,Abe Morales,N, 
Beatrice A Knopf,Abe X Paro,N, 
Beatrice Coen,Abram Q Keffer,N, 
Beatrice T Coen,Abram S Manrique,N, 
Bell N Molinaro,Adam B Katzer,N, 
Belva Fitzwater,Adele M Burnam,N, 
Ben Gigliotti,Adelia Abbas,N, 
Ben Lagrange,Adelia U Villagomez,N, 
Ben N Lamson,Adell W Trower,N, 
Ben U Gigliotti,Adella U Foushee,N, 
Benedict B Wix,Adelle E Brunner,N, 
Benedict U Daye,Adria M Melendrez,N, 
Bennie E Manfredi,Adriana O Medved,N, 
Benny S Brinker,Agnes Blow,N, 
Berna Z Stoller,Agnes D Doud,N, 
Bernard A Harbert,Ahmad V Lynde,N, 
Bernard Harbert,Ahmed C Minch,N, 
Bernard N Weatherly,Ahmed I Strope,N, 
Bernarda E Gervais,Ahmed V Lease,N, 
Bernardina X Roesch,Aiko Blossom,N, 
Bernardo I Garzon,Aileen F Hiltz,N, 
Bernardo X Barbee,Aileen Hiltz,N, 
Bernie M Kish,Akiko S Godby,N, 
Bert Q Lauritzen,Al Fegley,N, 
Bert S Kinkade,Alanna L Tyrell,N, 
Bertha E Harbison,Albert Z Dunford,N, 
Beryl Helsel,Alda F Penning,N, 
Bethann Marini,Alden Cauley,N, 
Bill Tarkington,Alden Y Cauley,N, 
Billie Liang,Alease Lander,N, 
Birdie Savoy,Alease Y Lander,N, 
Blanch Y Mysliwiec,Alec Mcnees,N, 
Bo E Curlee,Aleisha H Mathew,N, 
Bobbie P Chumley,Alesia B Bear,N, 
Bobbie Q Holbrook,Alexis C Amaral,N, 
Bobbie S Miner,Alexis D Bonelli,N, 
Bobbie X Schoenrock,Alfonzo Knupp,N, 
Bong M Alvares,Alfred L Strausbaugh,N, 
Bonny Poor,Alina L Prowell,N, 
Bonny S Poor,Alise Baltzell,N, 
Boris A Mccown,Alise O Baltzell,N, 
Brad I Pattison,Alisha D Coppock,N, 
Bradford K Marlatt,Aliza X Sammons,N, 
Brande Sevier,Allen L Vachon,N, 
Brendon E Mone,Allene T Lepe,N, 
Brendon J Camp,Alline V Kushner,N, 
Brendon V Crowther,Allyson I Ours,N, 
Brent U Perlman,Almeda M Dunford,N, 
Brenton U Boyett,Alonzo W Stanford,N, 
Bret C Delancey,Alphonso Laffoon,N, 
Brett Z Vadnais,Alphonso U Laffoon,N, 
Bridget D Spadaro,Alysia Basil,N, 
Bridget Rake,Amada J Knouse,N, 
Brigitte D Fendley,Amado C Bonet,N, 
Britt P Shivers,Amelia H Burbank,N, 
Britt Shivers,Analisa X Birdsell,N, 
Bruna R Welke,Andre Q Maxon,N, 
Bryan J Stampley,Andrea Rhymes,N, 
Bryan V Guyton,Andreas L Kennard,N, 
Bryanna Pyron,Andreas T Viles,N, 
Bryant L Kinsman,Andres P Towles,N, 
Bryce B Edens,Andres S Garner,N, 
Buck H Rancourt,Andrew D Hersey,N, 
Buck Rancourt,Andrew P Detweiler,N, 
Bud Kistner,Andria Z Reza,N, 
Bud L Lofgren,Angel F Palomino,N, 
Bud Lofgren,Angel Ferebee,N, 
Buddy G Steinbeck,Angela P Lorenzen,N, 
Buddy W Lofgren,Angelo B Fitzmaurice,N, 
Buford Q Giancola,Anibal F Pieper,N, 
Bula Reich,Anisha Jasmin,N, 
Burton C Jin,Annabelle E Encinas,N, 
Caleb Luther,Annette Jolin,N, 
Cameron A Chamberland,Antone Polston,N, 
Cameron Chamberland,Antone W Polston,N, 
Cameron K Gratton,Archie Blair,N, 
Candelaria Q Zajicek,Arden B Fujita,N, 
Candelaria Zajicek,Arlen F Maly,N, 
Carey J Sandlin,Arlen Joly,N, 
Carey N Mccready,Arlen M Joly,N, 
Carl M Paddock,Arlen Z Vanslyke,N, 
Carlo B Ali,Armando H Seaborn,N, 
Carlos Banh,Armida Bridwell,N, 
Carlotta T Ryles,Arnoldo D Mckeen,N, 
Carlton P Bose,Aron Durante,N, 
Carlton P Mahurin,Arron R Vegas,N, 
Carly L Sirianni,Arturo N Halvorsen,N, 
Carmelia E Bergeron,Ashanti R Swim,N, 
Carmelia R Lattimer,Ashlie G Cadena,N, 
Carmen F Barret,Asley F Mcewan,N, 
Carmen U Benbow,Astrid Marinelli,N, 
Carmon A Howlett,Astrid R Marinelli,N, 
Carolin T Loya,Asuncion X Braunstein,N, 
Carolina B Pasillas,Audrea B Prather,N, 
Carolynn V Moynihan,Audrea K Papineau,N, 
Carrol Arend,Audria W Barrios,N, 
Carrol O Arend,Audrie X Mccammon,N, 
Carter B Hilderbrand,August C Strother,N, 
Carter C Hunt,August F Dones,N, 
Casey D Krier,Augusta G Kircher,N, 
Cassaundra K Polito,Aundrea W Lundberg,N, 
Cayla Mealy,Aurelio K Wyckoff,N, 
Cecil Teixeira,Austin Janney,N, 
Cecily D Houser,Ayako Bachmann,N, 
Cedric N Cavallo,Ayako L Bachmann,N, 
Cedrick Engelhardt,Barak Sali,N, 
Cedrick K Engelhardt,Barrie Collman,N, 
Cedrick M Cordle,Barrie E Collman,N, 
Celesta L Reeser,Bart B Gilcrease,N, 
Celestine H Alderson,Beatrice A Knopf,N, 
Celinda C Magruder,Beatrice Coen,N, 
Celine Baskin,Beatrice T Coen,N, 
Chadwick I Hargreaves,Belva Fitzwater,N, 
Charity N Denman,Ben Gigliotti,N, 
Charles S Nicholes,Ben Lagrange,N, 
Charlie Moxley,Ben N Lamson,N, 
Charlie V Koeller,Ben U Gigliotti,N, 
Chase J Paradise,Benedict B Wix,N, 
Chase Paradise,Benedict U Daye,N, 
Chase T Scurry,Berna Z Stoller,N, 
Chau R Barron,Bernard A Harbert,N, 
Chauncey Southerland,Bernard Harbert,N, 
Chaya W Caudle,Bernard N Weatherly,N, 
Chere Patchett,Bernarda E Gervais,N, 
Cheree Lusk,Bernardina X Roesch,N, 
Chester N Sitz,Bernardo I Garzon,N, 
Chi S Clopton,Bernardo X Barbee,N, 
Ching D Applegate,Bert Q Lauritzen,N, 
Chris Braggs,Bert S Kinkade,N, 
Chrissy H Edmonson,Bertha E Harbison,N, 
Christena Kratz,Beryl Helsel,N, 
Christene Blakemore,Bethann Marini,N, 
Christene F Blakemore,Bill Tarkington,N, 
Christene L Mccaleb,Billie Liang,N, 
Christi H Amaker,Birdie Savoy,N, 
Christie Rodger,Blanch Y Mysliwiec,N, 
Christoper K Manzano,Bo E Curlee,N, 
Chung J Moynihan,Bobbie P Chumley,N, 
Cicely W Colton,Bobbie Q Holbrook,N, 
Cindie T Madden,Bobbie S Miner,N, 
Clara B Sifuentes,Bobbie X Schoenrock,N, 
Clarence Hinkson,Bong M Alvares,N, 
Clarence J Hinkson,Bonny Poor,N, 
Claretta D Wingert,Bonny S Poor,N, 
Clark Spence,Boris A Mccown,N, 
Claudio Q Bien,Brad I Pattison,N, 
Clemente S Wiechmann,Bradford K Marlatt,N, 
Clemmie F Montague,Brande Sevier,N, 
Cleveland A Zinke,Brendon J Camp,N, 
Cleveland Franko,Brendon V Crowther,N, 
Cleveland W Franko,Brent U Perlman,N, 
Cliff Skipworth,Brenton U Boyett,N, 
Clint Q Orear,Bret C Delancey,N, 
Clint Q Strayhorn,Brett Z Vadnais,N, 
Clint Strayhorn,Bridget Rake,N, 
Clinton Tschida,Brigitte D Fendley,N, 
Clotilde Mason,Britt P Shivers,N, 
Clotilde X Mason,Britt Shivers,N, 
Clyde P Ponton,Bruna R Welke,N, 
Cole Dellinger,Bryan J Stampley,N, 
Cole M Dellinger,Bryan V Guyton,N, 
Cole N Poling,Bryanna Pyron,N, 
Colin V Likens,Bryant L Kinsman,N, 
Colleen B Lenihan,Bryce B Edens,N, 
Colton B Salzman,Buck Rancourt,N, 
Colton Salzman,Bud Kistner,N, 
Conrad R Saito,Bud L Lofgren,N, 
Conrad Saito,Bud Lofgren,N, 
Cordell M Tweedy,Buddy G Steinbeck,N, 
Cordell Riche,Buddy W Lofgren,N, 
Cordia M Knopp,Buford Q Giancola,N, 
Corey F Stowe,Bula Reich,N, 
Corina U Korhonen,Burton C Jin,N, 
Cortez F Espiritu,Caleb Luther,N, 
Coy I Gentner,Cameron Chamberland,N, 
Cristal Q Kucharski,Cameron K Gratton,N, 
Cristi T Clem,Carey J Sandlin,N, 
Crystal Comes,Carey N Mccready,N, 
Crystal U Comes,Carl M Paddock,N, 
Curtis E Quayle,Carlo B Ali,N, 
Cyndy Ary,Carlos Banh,N, 
Cyndy H Ary,Carlton P Bose,N, 
Cythia I Stecker,Carlton P Mahurin,N, 
Daina U Ledet,Carly L Sirianni,N, 
Dale Childers,Carmelia R Lattimer,N, 
Dale E Childers,Carmen F Barret,N, 
Damian F Mcgaughey,Carmen U Benbow,N, 
Damian X Grist,Carmon A Howlett,N, 
Damien A Izquierdo,Carolin T Loya,N, 
Dane Lawrence,Carolina B Pasillas,N, 
Danette A Kuykendall,Carolynn V Moynihan,N, 
Daniel L Nava,Carrol Arend,N, 
Danilo Hammes,Carrol O Arend,N, 
Danilo S Hammes,Carter B Hilderbrand,N, 
Darcel P Burford,Carter C Hunt,N, 
Darin Keitt,Casey D Krier,N, 
Darin U Shipp,Cassaundra K Polito,N, 
Darren U Shoulders,Cayla Mealy,N, 
Darron Tittle,Cecil Teixeira,N, 
Darwin W Lemoine,Cecily D Houser,N, 
Davida A Funkhouser,Cedrick Engelhardt,N, 
Davis Z Gaylor,Cedrick K Engelhardt,N, 
Dawna T Woodbury,Cedrick M Cordle,N, 
Dawne Y Gardner,Celesta L Reeser,N, 
Dayna M Edmondson,Celestine H Alderson,N, 
Deandre U Groleau,Celinda C Magruder,N, 
Deane I Keown,Celine Baskin,N, 
Deanna P Scoggin,Chadwick I Hargreaves,N, 
Debbie C Lipsey,Charity N Denman,N, 
Debrah X Flury,Charles S Nicholes,N, 
Dee Joslyn,Charlie Moxley,N, 
Deeanna E Cluck,Charlie V Koeller,N, 
Delana I Selfridge,Chase J Paradise,N, 
Delana Y Freedman,Chase Paradise,N, 
Delfina O Day,Chase T Scurry,N, 
Delphine P Carpio,Chau R Barron,N, 
Delsie R Tennison,Chauncey Southerland,N, 
Demarcus Recio,Chaya W Caudle,N, 
Denis T Yelle,Chere Patchett,N, 
Denis Y Fehr,Cheree Lusk,N, 
Dennis K Cayer,Chester N Sitz,N, 
Deon U Mounce,Chi S Clopton,N, 
Derick A Macey,Ching D Applegate,N, 
Derrick Culbreth,Chris Braggs,N, 
Deshawn O Mankin,Chrissy H Edmonson,N, 
Desirae D Ginn,Christena Kratz,N, 
Desirae Ginn,Christene Blakemore,N, 
Desiree L Sobel,Christene L Mccaleb,N, 
Detra D Rymer,Christi H Amaker,N, 
Devin Hales,Christoper K Manzano,N, 
Devin U Hales,Chung J Moynihan,N, 
Dewayne X Groom,Cicely W Colton,N, 
Dian I Peachey,Cindie T Madden,N, 
Digna Q Eck,Clara B Sifuentes,N, 
Dion K Taylor,Clarence Hinkson,N, 
Dion Taylor,Clarence J Hinkson,N, 
Don Southwick,Claretta D Wingert,N, 
Donald H Mazur,Clark Spence,N, 
Donald P Phaneuf,Claudio Q Bien,N, 
Dong B Sturdevant,Clemente S Wiechmann,N, 
Dong Sturdevant,Clemmie F Montague,N, 
Donna R Woodrum,Cleveland A Zinke,N, 
Donnell Babbitt,Cleveland Franko,N, 
Donte H Granger,Cleveland W Franko,N, 
Donya G Rodden,Clint Q Orear,N, 
Dorethea U Engram,Clint Q Strayhorn,N, 
Doria Z Crouse,Clint Strayhorn,N, 
Dorla G Westberry,Clinton Tschida,N, 
Dorothea J Canterbury,Clotilde Mason,N, 
Dorothy Gard,Clotilde X Mason,N, 
Dorothy Q Gard,Clyde P Ponton,N, 
Dortha Z Harty,Cole Dellinger,N, 
Dottie D Hagaman,Cole M Dellinger,N, 
Dottie Hagaman,Colin V Likens,N, 
Doug B Southwick,Colleen B Lenihan,N, 
Douglas Cull,Colton B Salzman,N, 
Dovie F Larue,Colton Salzman,N, 
Dovie Nickerson,Conrad R Saito,N, 
Dovie U Nickerson,Conrad Saito,N, 
Doyle Grindstaff,Cordell M Tweedy,N, 
Doyle N Utter,Cordell Riche,N, 
Doyle T Grindstaff,Cordia M Knopp,N, 
Doyle Utter,Corey F Stowe,N, 
Drucilla Simkins,Corina U Korhonen,N, 
Dudley G Slocum,Cortez F Espiritu,N, 
Dudley Slocum,Coy I Gentner,N, 
Dulce E Grizzard,Cristal Q Kucharski,N, 
Dulce Grizzard,Cristi T Clem,N, 
Duncan O Maheu,Crystal Comes,N, 
Dustin Y Espey,Crystal U Comes,N, 
Dusty L Kugler,Curtis E Quayle,N, 
Dwain O Upham,Cyndy Ary,N, 
Dwain Upham,Cyndy H Ary,N, 
Dwayne Marker,Cythia I Stecker,N, 
Dwayne W Marker,Daina U Ledet,N, 
Earlean Funke,Dale Childers,N, 
Earlean Y Funke,Dale E Childers,N, 
Earnest H Birkholz,Damian F Mcgaughey,N, 
Eartha Z Oceguera,Damian X Grist,N, 
Ed Shockley,Damien A Izquierdo,N, 
Ed X Shockley,Dane Lawrence,N, 
Eda O Brase,Danette A Kuykendall,N, 
Edgar Teer,Daniel L Nava,N, 
Edmund K Masuda,Danilo Hammes,N, 
Edmund Mcclung,Danilo S Hammes,N, 
Edmundo R Rew,Darcel P Burford,N, 
Edra M Guthrie,Darin Keitt,N, 
Effie Jelinek,Darin U Shipp,N, 
Efrain L Wass,Darren U Shoulders,N, 
Efrain Moats,Darron Tittle,N, 
Efren G Ager,Darwin W Lemoine,N, 
Ela K Hames,Davida A Funkhouser,N, 
Eladia A Braggs,Davis Z Gaylor,N, 
Elaine B Randazzo,Dawna T Woodbury,N, 
Eldridge B Bose,Dawne Y Gardner,N, 
Eldridge Bose,Dayna M Edmondson,N, 
Eldridge M Benningfield,Deandre U Groleau,N, 
Eleanor D Dickson,Deane I Keown,N, 
Eleanora Farthing,Debbie C Lipsey,N, 
Elease H Burger,Debrah X Flury,N, 
Elenor B Gibbs,Deeanna E Cluck,N, 
Elenora S Whitehill,Delana I Selfridge,N, 
Elenora V Halley,Delana Y Freedman,N, 
Eleonora Pollard,Delfina O Day,N, 
Eleonora S Pollard,Delphine P Carpio,N, 
Elias Pinkard,Delsie R Tennison,N, 
Elias Y Pinkard,Demarcus Recio,N, 
Elijah P Elkin,Denis T Yelle,N, 
Elijah X Ahmad,Denis Y Fehr,N, 
Eliz R Linneman,Dennis K Cayer,N, 
Elliott Chess,Deon U Mounce,N, 
Ellis J Mccune,Derick A Macey,N, 
Ellis V Mcneel,Derrick Culbreth,N, 
Elmo G Pagano,Deshawn O Mankin,N, 
Elois Z Ono,Desirae D Ginn,N, 
Eloise Demoss,Desirae Ginn,N, 
Eloise Z Demoss,Desiree L Sobel,N, 
Elroy Kimbler,Devin U Hales,N, 
Elroy L Shorts,Dewayne X Groom,N, 
Elroy N Kimbler,Dian I Peachey,N, 
Elsie S Depaz,Dion K Taylor,N, 
Elsy B Latta,Dion Taylor,N, 
Elsy Beyer,Don Southwick,N, 
Elvis J Stroh,Donald H Mazur,N, 
Elvis Stroh,Donald P Phaneuf,N, 
Elvis Veiga,Dong B Sturdevant,N, 
Elwood T More,Dong Sturdevant,N, 
Emeline I Richer,Donna R Woodrum,N, 
Emery P Sorrells,Donnell Babbitt,N, 
Emiko Z Lolley,Donte H Granger,N, 
Emile Aponte,Donya G Rodden,N, 
Emma Dice,Dorethea U Engram,N, 
Emma Monti,Doria Z Crouse,N, 
Emma X Monti,Dorla G Westberry,N, 
Emmanuel G Chamorro,Dorothea J Canterbury,N, 
Emmitt X Plante,Dorothy Gard,N, 
Employees,Dorothy Q Gard,N, 
Ena Mullins,Dortha Z Harty,N, 
Ena Thor,Dottie D Hagaman,N, 
Enda Kirchner,Dottie Hagaman,N, 
Eric C Irvine,Doug B Southwick,N, 
Erica S Harlan,Douglas Cull,N, 
Erik W Steffen,Dovie F Larue,N, 
Erin K Stclair,Dovie Nickerson,N, 
Erin L Jasmin,Dovie U Nickerson,N, 
Ernestine E Fludd,Doyle Grindstaff,N, 
Ernestine Fludd,Doyle N Utter,N, 
Esmeralda N Veliz,Doyle T Grindstaff,N, 
Estella E Miley,Drucilla Simkins,N, 
Etsuko O Wilmot,Dudley G Slocum,N, 
Ettie S Stilwell,Dudley Slocum,N, 
Eveline B Strecker,Dulce Grizzard,N, 
Evon Q Lawson,Duncan O Maheu,N, 
Ewa B Staples,Dustin Y Espey,N, 
Exie C Bradham,Dusty L Kugler,N, 
Ezequiel N Shell,Dwain O Upham,N, 
Ezra Calvert,Dwain Upham,N, 
Fabian Say,Dwayne Marker,N, 
Faustino Scheffel,Dwayne W Marker,N, 
Fawn Buckman,Earlean Funke,N, 
Fe A Schrock,Earlean Y Funke,N, 
Federico B Edmond,Earnest H Birkholz,N, 
Federico Edmond,Eartha Z Oceguera,N, 
Federico I Carlile,Ed Shockley,N, 
Felisha Q Ettinger,Ed X Shockley,N, 
Felix S Croker,Eda O Brase,N, 
Femi Grek,Edgar Teer,N, 
Ferdinand Ramsdell,Edmund K Masuda,N, 
Fermin L Zapata,Edmundo R Rew,N, 
Fernando Korhonen,Edra M Guthrie,N, 
Fernando S Korhonen,Effie Jelinek,N, 
Forest Z Blewett,Efrain L Wass,N, 
Forest Z Hacker,Efrain Moats,N, 
Forrest Q Zell,Efren G Ager,N, 
Francis O Encarnacion,Eladia A Braggs,N, 
Frank O Mallon,Elaine B Randazzo,N, 
Frankie I Speed,Eldridge Bose,N, 
Franklyn V Hummell,Eldridge M Benningfield,N, 
Freddie C Headen,Eleanor D Dickson,N, 
Freddy A Rolling,Eleanora Farthing,N, 
Freddy Rolling,Elease H Burger,N, 
Fredericka J Varney,Elenor B Gibbs,N, 
Gabriel E Pearsall,Elenora S Whitehill,N, 
Gabriel S Beale,Elenora V Halley,N, 
Galina G Woodbury,Eleonora Pollard,N, 
Garland J Verville,Eleonora S Pollard,N, 
Garland Z Leavell,Elias Pinkard,N, 
Garnett Dryer,Elias Y Pinkard,N, 
Garret Flakes,Elijah P Elkin,N, 
Garrett Nolette,Elijah X Ahmad,N, 
Garrett S Nolette,Eliz R Linneman,N, 
Gavin V Mckillip,Elliott Chess,N, 
Gearldine Stolte,Ellis J Mccune,N, 
Gema S Grover,Ellis V Mcneel,N, 
Gemma I Chilton,Elmo G Pagano,N, 
Genaro Lukasik,Elois Z Ono,N, 
George U Clouser,Eloise Demoss,N, 
Georgiann C Harrell,Eloise Z Demoss,N, 
Georgiann Harrell,Elroy Kimbler,N, 
Gerardo Q Bergen,Elroy L Shorts,N, 
Geri M Tuthill,Elroy N Kimbler,N, 
Gerry D Woolery,Elsie S Depaz,N, 
Gerry Harvey,Elsy Beyer,N, 
Gerry X Koh,Elvis Stroh,N, 
Gertrud B Glidden,Elwood T More,N, 
Gertrud Glidden,Emeline I Richer,N, 
Gia M Casas,Emery P Sorrells,N, 
Gidget X Loring,Emiko Z Lolley,N, 
Gilbert M Wolfgram,Emile Aponte,N, 
Gilbert Z Bloss,Emma Dice,N, 
Gilberto U Greaves,Emma Monti,N, 
Giovanna M Clift,Emma X Monti,N, 
Giuseppe D Chouinard,Emmanuel G Chamorro,N, 
Giuseppina Dagostino,Emmitt X Plante,N, 
Giuseppina E Fink,Employees,N, 
Giuseppina N Dagostino,Ena Mullins,N, 
Glady Q Kump,Ena Thor,N, 
Glenn N Vinyard,Enda Kirchner,N, 
Glenn Vinyard,Eric C Irvine,N, 
Gracie P Lett,Erica S Harlan,N, 
Grady Y Perera,Erik W Steffen,N, 
Graham O Romeo,Erin K Stclair,N, 
Gregorio H Hottinger,Erin L Jasmin,N, 
Gregory I Kidwell,Ernestine E Fludd,N, 
Grisel R Whitty,Ernestine Fludd,N, 
Grisel Sutton,Esmeralda N Veliz,N, 
Grover Mcgahey,Estella E Miley,N, 
Guillermo X Schwan,Etsuko O Wilmot,N, 
Gustavo F Rouse,Ettie S Stilwell,N, 
Guy S Troy,Eveline B Strecker,N, 
Gwyn E Etzel,Evon Q Lawson,N, 
Gwyn Etzel,Ewa B Staples,N, 
Gwyn I Parish,Exie C Bradham,N, 
Gwyn N Mitzel,Ezequiel N Shell,N, 
Hai Y Arden,Ezra Calvert,N, 
Hal K Kells,Fabian Say,N, 
Hal Kells,Faustino Scheffel,N, 
Haley G Bova,Fawn Buckman,N, 
Hannah K Ma,Fe A Schrock,N, 
Hans G Koh,Federico B Edmond,N, 
Harland S Renshaw,Federico Edmond,N, 
Harriett A Mccurry,Federico I Carlile,N, 
Hassan Radabaugh,Felisha Q Ettinger,N, 
Hayden E Novack,Felix S Croker,N, 
Hayden J Jang,Femi Grek,N, 
Heath Aikin,Ferdinand Ramsdell,N, 
Heath Fell,Fermin L Zapata,N, 
Heath K Fell,Fernando Korhonen,N, 
Herb B Irving,Forest Z Blewett,N, 
Heriberto Rollo,Forest Z Hacker,N, 
Heriberto Starkey,Forrest Q Zell,N, 
Heriberto Y Starkey,Francis O Encarnacion,N, 
Herlinda U Negron,Frank O Mallon,N, 
Hermila X Crosslin,Frankie I Speed,N, 
Hester B Cabana,Franklyn V Hummell,N, 
Hettie S Lauber,Freddie C Headen,N, 
Hiram K Stokely,Freddy A Rolling,N, 
Holley M Cathcart,Freddy Rolling,N, 
Holli G Ethridge,Fredericka J Varney,N, 
Hollis Z Carr,Gabriel S Beale,N, 
Homer Hollowell,Galina G Woodbury,N, 
Honey D Eaves,Garland J Verville,N, 
Hong M Townson,Garland Z Leavell,N, 
Horace Hobart,Garret Flakes,N, 
Horacio S Salazar,Gavin V Mckillip,N, 
Hosea B Michelson,Gearldine Stolte,N, 
Houston K Joe,Gema S Grover,N, 
Hoyt O Reiss,Gemma I Chilton,N, 
Hubert L Kirkland,Genaro Lukasik,N, 
Hugh N Chavira,George U Clouser,N, 
Hui Bizzell,Georgiann C Harrell,N, 
Hui E Bizzell,Georgiann Harrell,N, 
Hung H Nicola,Gerardo Q Bergen,N, 
Hyun M Gloss,Geri M Tuthill,N, 
Hyun Z Bynoe,Gerry D Woolery,N, 
Iliana Fogle,Gerry Harvey,N, 
Iliana M Fogle,Gerry X Koh,N, 
Ilse X Harr,Gertrud B Glidden,N, 
Ingeborg Z Weisser,Gertrud Glidden,N, 
Inger Gillan,Gia M Casas,N, 
Inocencia Z Buteau,Gidget X Loring,N, 
Irene Ellerbee,Gilbert M Wolfgram,N, 
Irving C Pillar,Gilbert Z Bloss,N, 
Irwin River,Gilberto U Greaves,N, 
Isaac O Dempster,Giovanna M Clift,N, 
Isaac Tsan,Giuseppe D Chouinard,N, 
Isabella X Russell,Giuseppina Dagostino,N, 
Isaiah G Parrish,Giuseppina E Fink,N, 
Isaiah Y Magwood,Giuseppina N Dagostino,N, 
Isiah S Coppock,Glady Q Kump,N, 
Isiah Wilkie,Glenn N Vinyard,N, 
Isis F Hash,Glenn Vinyard,N, 
Isis N Rufus,Gracie P Lett,N, 
Isobel K Dance,Grady Y Perera,N, 
Israel T Hertzler,Graham O Romeo,N, 
Isreal F Metoyer,Gregorio H Hottinger,N, 
Isreal Metoyer,Gregory I Kidwell,N, 
Ivan A Groner,Grisel Sutton,N, 
Izetta B Alford,Grover Mcgahey,N, 
Izola E Ye,Guillermo X Schwan,N, 
Jacinda X Michalec,Gustavo F Rouse,N, 
Jacinta Y Cheney,Guy S Troy,N, 
Jack J Warfel,Gwyn E Etzel,N, 
Jack Partin,Gwyn Etzel,N, 
Jackie P Montague,Gwyn I Parish,N, 
Jackie Sachs,Gwyn N Mitzel,N, 
Jae B Isabell,Hai Y Arden,N, 
Jaleesa I Averett,Hal K Kells,N, 
Jamaal Resto,Hal Kells,N, 
Jamaal Z Resto,Haley G Bova,N, 
Jamal G Dimarco,Hannah K Ma,N, 
Jamel Meaney,Hans G Koh,N, 
Jamey S Seim,Harriett A Mccurry,N, 
Jamison Crutchfield,Hassan Radabaugh,N, 
Jamison U Crutchfield,Hayden E Novack,N, 
Janean A Tyler,Hayden J Jang,N, 
Janessa M Drennen,Heath Aikin,N, 
Janie P Caswell,Heath Fell,N, 
Jaquelyn C Holzman,Heath K Fell,N, 
Jarred C Class,Herb B Irving,N, 
Jarred Class,Heriberto Rollo,N, 
Jason V Gravois,Heriberto Starkey,N, 
Jasper P Barnaby,Heriberto Y Starkey,N, 
Jayme B Shimer,Herlinda U Negron,N, 
Jayson S Carrol,Hermila X Crosslin,N, 
Jazmin Wheless,Hester B Cabana,N, 
Jc Meyers,Hettie S Lauber,N, 
Jc S Meyers,Hiram K Stokely,N, 
Jeanetta N Norden,Holley M Cathcart,N, 
Jeanna U Li,Holli G Ethridge,N, 
Jeff E Lucero,Hollis Z Carr,N, 
Jeff Mallon,Homer Hollowell,N, 
Jeff W Zacarias,Horace Hobart,N, 
Jefferey Folkerts,Horacio S Salazar,N, 
Jefferson N Thurman,Hosea B Michelson,N, 
Jeffery A Brafford,Houston K Joe,N, 
Jeffrey Berg,Hoyt O Reiss,N, 
Jenell S Sauers,Hubert L Kirkland,N, 
Jeneva Y Bybee,Hugh N Chavira,N, 
Jennefer Ours,Hui Bizzell,N, 
Jenni Olguin,Hui E Bizzell,N, 
Jennifer Z Pridgen,Hung H Nicola,N, 
Jeramy F Metoyer,Hyun M Gloss,N, 
Jeramy T Londono,Hyun Z Bynoe,N, 
Jeremiah Harriss,Iliana Fogle,N, 
Jeremiah N Curran,Iliana M Fogle,N, 
Jeremy Belew,Ilse X Harr,N, 
Jerlene P Dunnigan,Ingeborg Z Weisser,N, 
Jerome P Whitefield,Inger Gillan,N, 
Jerome Spangler,Irene Ellerbee,N, 
Jerome Whitefield,Irving C Pillar,N, 
Jerrell Mcfarlin,Irwin River,N, 
Jerri Dunkle,Isaac O Dempster,N, 
Jesus E Mclelland,Isaac Tsan,N, 
Jesus H Guillen,Isabella X Russell,N, 
Jesus Tafolla,Isaiah G Parrish,N, 
Jewel R Willhite,Isaiah Y Magwood,N, 
Jillian Harry,Isiah S Coppock,N, 
Jim J Lurie,Isiah Wilkie,N, 
Jimmie A Rorie,Isis F Hash,N, 
Jimmie Esqueda,Isis N Rufus,N, 
Jimmie F Vasquez,Isobel K Dance,N, 
Jimmy Canaday,Israel T Hertzler,N, 
Joanie N Folkerts,Isreal F Metoyer,N, 
Joanna Deforest,Isreal Metoyer,N, 
Joanna H Deforest,Ivan A Groner,N, 
Joanna M Sandefur,Izetta B Alford,N, 
Joannie E Wolters,Izola E Ye,N, 
Joaquin Vaz,Jacinda X Michalec,N, 
Jocelyn Q Scotti,Jacinta Y Cheney,N, 
Jody K Rude,Jack J Warfel,N, 
Jody Slavens,Jack Partin,N, 
Joel S Maine,Jackie P Montague,N, 
Joesph Y Shrout,Jackie Sachs,N, 
Johnie Centers,Jae B Isabell,N, 
Johnie V Centers,Jaleesa I Averett,N, 
Jolanda Dewees,Jamaal Resto,N, 
Jolanda L Dewees,Jamal G Dimarco,N, 
Joleen H Chea,Jamey S Seim,N, 
Joline Frisby,Jamison Crutchfield,N, 
Jon Arvizu,Jamison U Crutchfield,N, 
Jon Behler,Janean A Tyler,N, 
Jong Borchers,Janessa M Drennen,N, 
Jong U Borchers,Jaquelyn C Holzman,N, 
Jordan D Phu,Jarred C Class,N, 
Jordan Phu,Jarred Class,N, 
Jorge R Coghlan,Jason V Gravois,N, 
Jose P Tubbs,Jasper P Barnaby,N, 
Josette Betancourt,Jayme B Shimer,N, 
Josette R Betancourt,Jazmin Wheless,N, 
Josiah R Gutierres,Jc Meyers,N, 
Josie Hofman,Jc S Meyers,N, 
Judith D Gourdine,Jeanetta N Norden,N, 
Judith Gourdine,Jeanna U Li,N, 
Judson Y Hodson,Jeff E Lucero,N, 
Jules Shugart,Jeff Mallon,N, 
Julio Bryce,Jeff W Zacarias,N, 
Julio Dockery,Jefferey Folkerts,N, 
Julio P Bryce,Jefferson N Thurman,N, 
Julio P Dockery,Jeffery A Brafford,N, 
Julius N Bakker,Jeffrey Berg,N, 
Julius Q Stock,Jenell S Sauers,N, 
Junita Huhn,Jeneva Y Bybee,N, 
Junita Y Huhn,Jennefer Ours,N, 
Kaci Whitacre,Jennifer Z Pridgen,N, 
Kacy Cairns,Jeramy F Metoyer,N, 
Kali Kennamer,Jeramy T Londono,N, 
Kandis Owenby,Jeremiah Harriss,N, 
Karie Renninger,Jeremiah N Curran,N, 
Karima Metivier,Jeremy Belew,N, 
Karisa B Glidewell,Jerlene P Dunnigan,N, 
Karisa Glidewell,Jerome P Whitefield,N, 
Karl O Langlinais,Jerome Spangler,N, 
Karlene L Mckean,Jerome Whitefield,N, 
Kasi Blakeslee,Jerrell Mcfarlin,N, 
Kassie Akers,Jerri Dunkle,N, 
Kassie Q Binder,Jesus E Mclelland,N, 
Kate O Paull,Jesus H Guillen,N, 
Katelin F Coney,Jesus Tafolla,N, 
Katheryn Holtzclaw,Jewel R Willhite,N, 
Katia Foran,Jillian Harry,N, 
Katie N Kinnison,Jim J Lurie,N, 
Kaye Tubbs,Jimmie A Rorie,N, 
Keenan W Spruell,Jimmie Esqueda,N, 
Keila A Lucas,Jimmie F Vasquez,N, 
Keila F Lofland,Jimmy Canaday,N, 
Keira Till,Joanie N Folkerts,N, 
Keira Y Till,Joanna Deforest,N, 
Keith B Macha,Joanna H Deforest,N, 
Keith E Moyes,Joanna M Sandefur,N, 
Keith Q Ofarrell,Joannie E Wolters,N, 
Keitha Foran,Joaquin Vaz,N, 
Kellee L Gravelle,Jody Slavens,N, 
Ken X Weisberg,Joel S Maine,N, 
Kendrick Burchette,Joesph Y Shrout,N, 
Kendrick C Burchette,Johnie Centers,N, 
Kenneth Lucius,Johnie V Centers,N, 
Kenton Q Villalta,Jolanda L Dewees,N, 
Kenton Villalta,Joleen H Chea,N, 
Kermit L Mcphail,Joline Frisby,N, 
Kermit Mcphail,Jon Behler,N, 
Kerri Y Card,Jong Borchers,N, 
Keven A Jewell,Jong U Borchers,N, 
Keven Bingham,Jordan D Phu,N, 
Keven F Bingham,Jorge R Coghlan,N, 
Keven H Araiza,Jose P Tubbs,N, 
Khalilah A Campo,Josette Betancourt,N, 
Kiara G Abrahamson,Josette R Betancourt,N, 
Kiara T Martinez,Josiah R Gutierres,N, 
Kieth D Castelli,Josie Hofman,N, 
Kieth G Coney,Judith D Gourdine,N, 
Kimberlee J Hawkins,Judith Gourdine,N, 
Kimberly Duquette,Judson Y Hodson,N, 
Kimberly K Carr,Jules Shugart,N, 
Kindra V Cruickshank,Julio Bryce,N, 
Kirby W Estrella,Julio Dockery,N, 
Kirstie Macey,Julio P Bryce,N, 
Kirstie W Macey,Julio P Dockery,N, 
Kitty S Sickles,Julius N Bakker,N, 
Kizzy W Brazelton,Junita Huhn,N, 
Korey I Garrity,Junita Y Huhn,N, 
Korey U Eddington,Kaci Whitacre,N, 
Kori J Fairfax,Kacy Cairns,N, 
Kraig P Brownfield,Kali Kennamer,N, 
Kris Bice,Kandis Owenby,N, 
Kris L Bice,Karie Renninger,N, 
Krishna G Raby,Karima Metivier,N, 
Krissy S Valazquez,Karisa B Glidewell,N, 
Kristal F Bickford,Karisa Glidewell,N, 
Kristen A Beauchemin,Karl O Langlinais,N, 
Kristie E Jain,Karlene L Mckean,N, 
Kristle D Figgs,Kasi Blakeslee,N, 
Kristofer N Calahan,Kassie Akers,N, 
Kristofer Y Fizer,Kate O Paull,N, 
Kristopher Alejos,Katelin F Coney,N, 
Kurtis C Irons,Katheryn Holtzclaw,N, 
Kylie K Freda,Katia Foran,N, 
Lacy Deshotel,Kaye Tubbs,N, 
Lacy Q Deshotel,Keenan W Spruell,N, 
Lakenya Z Mccroskey,Keila F Lofland,N, 
Lala C Marquez,Keira Till,N, 
Lala R Denman,Keith B Macha,N, 
Lamar A Partida,Keith E Moyes,N, 
Lamar L Legg,Keith Q Ofarrell,N, 
Lamar W Estill,Keitha Foran,N, 
Lamont J Brescia,Kellee L Gravelle,N, 
Lance Pennington,Kendrick Burchette,N, 
Lanelle W Berlanga,Kendrick C Burchette,N, 
Larisa Still,Kenneth Lucius,N, 
Larisa X Strauss,Kenton Villalta,N, 
Larry K Mash,Kermit L Mcphail,N, 
Larry Osby,Kermit Mcphail,N, 
Lashaunda Y Munden,Kerri Y Card,N, 
Latanya C Law,Keven A Jewell,N, 
Latia Gleaton,Keven Bingham,N, 
Latrice Kirch,Keven F Bingham,N, 
Launa N Kohl,Keven H Araiza,N, 
Lauren O Guzzi,Khalilah A Campo,N, 
Lauren R Hennessy,Kiara G Abrahamson,N, 
Laurena P Caston,Kiara T Martinez,N, 
Laurence K Ryles,Kieth D Castelli,N, 
Laurinda Dinh,Kieth G Coney,N, 
Lavada Maldanado,Kimberly Duquette,N, 
Lavada W Maldanado,Kimberly K Carr,N, 
Lavette P Cheney,Kindra V Cruickshank,N, 
Lawerence W Abernethy,Kirby W Estrella,N, 
Leanna X Tibbetts,Kirstie Macey,N, 
Leda X Haskell,Kirstie W Macey,N, 
Leda Y Fabre,Kitty S Sickles,N, 
Leif Harness,Kizzy W Brazelton,N, 
Leif Y Harness,Korey I Garrity,N, 
Leigh Y Haws,Korey U Eddington,N, 
Leland C Fifield,Kori J Fairfax,N, 
Leland David,Kraig P Brownfield,N, 
Lemuel V Darden,Kris Bice,N, 
Lemuel W Hardman,Kris L Bice,N, 
Lenny U Rister,Krishna G Raby,N, 
Leonel S Yuan,Krissy S Valazquez,N, 
Leonia Y Derosier,Kristal F Bickford,N, 
Leonore Reason,Kristen A Beauchemin,N, 
Leopoldo U Hole,Kristie E Jain,N, 
Leroy H Styron,Kristle D Figgs,N, 
Les Priolo,Kristofer N Calahan,N, 
Les V Bejarano,Kristofer Y Fizer,N, 
Les V Gran,Kurtis C Irons,N, 
Lesha K Cai,Kylie K Freda,N, 
Lesley Macpherson,Lacy Deshotel,N, 
Leslie I Stolte,Lacy Q Deshotel,N, 
Leslie Stolte,Lakenya Z Mccroskey,N, 
Lester Coldiron,Lala C Marquez,N, 
Letha L Apel,Lala R Denman,N, 
Leticia V Lewandowski,Lamar A Partida,N, 
Lewis M Racette,Lamar L Legg,N, 
Lezlie Z Bohannan,Lamont J Brescia,N, 
Lia J Liner,Lance Pennington,N, 
Lia Liner,Lanelle W Berlanga,N, 
Liana T Quesenberry,Larisa X Strauss,N, 
Liane U Grafton,Larry Osby,N, 
Lianne M Sweeney,Lashaunda Y Munden,N, 
Lianne Sweeney,Latanya C Law,N, 
Liberty A Shroyer,Latrice Kirch,N, 
Lidia Kuiper,Lauren O Guzzi,N, 
Lidia S Gerling,Lauren R Hennessy,N, 
Ligia Hoeft,Laurence K Ryles,N, 
Lilli Tartt,Laurinda Dinh,N, 
Lincoln D Cauley,Lavada Maldanado,N, 
Lincoln D Demaria,Lavada W Maldanado,N, 
Lincoln Demaria,Lavette P Cheney,N, 
Lindsey W Whittle,Lawerence W Abernethy,N, 
Lindy M Reel,Leanna X Tibbetts,N, 
Linette Q Menard,Leda X Haskell,N, 
Linh U Ashton,Leda Y Fabre,N, 
Linn Plummer,Leif Harness,N, 
Lino M Lizarraga,Leif Y Harness,N, 
Linsey P Orsini,Leigh Y Haws,N, 
Linwood H Carter,Leland C Fifield,N, 
Linwood J Franqui,Leland David,N, 
Lisa C Sheridan,Lemuel V Darden,N, 
Lisette F Cowley,Lemuel W Hardman,N, 
Liz R Lomonaco,Leonel S Yuan,N, 
Lizzette G Moyle,Leonia Y Derosier,N, 
Lizzette Moyle,Leonore Reason,N, 
Lizzie D Ratcliff,Leopoldo U Hole,N, 
Logan D Berryman,Leroy H Styron,N, 
Lois Cozad,Les Priolo,N, 
Lona T Collar,Les V Bejarano,N, 
Londa Petrey,Les V Gran,N, 
Londa T Maya,Lesha K Cai,N, 
Loraine Barnes,Lesley Macpherson,N, 
Loralee V Ball,Leslie I Stolte,N, 
Loren H Mckenzie,Leslie Stolte,N, 
Loren I Casady,Lester Coldiron,N, 
Loren Isaac,Letha L Apel,N, 
Lorette Y Petrillo,Leticia V Lewandowski,N, 
Lorri Garney,Lewis M Racette,N, 
Lorriane P Ho,Lezlie Z Bohannan,N, 
Lottie Bonin,Lia J Liner,N, 
Lottie G Bonin,Lia Liner,N, 
Lou Baine,Liana T Quesenberry,N, 
Louann X Sakamoto,Liane U Grafton,N, 
Love G Lent,Lianne M Sweeney,N, 
Lowell Demmer,Lianne Sweeney,N, 
Lucas Funes,Liberty A Shroyer,N, 
Lucas P Funes,Lidia Kuiper,N, 
Luciana N Campfield,Lidia S Gerling,N, 
Lucienne U Clyne,Ligia Hoeft,N, 
Lucinda Z Borton,Lilli Tartt,N, 
Lucius C Moorhead,Lincoln D Cauley,N, 
Lucy Reiser,Lincoln D Demaria,N, 
Luella W Kemmerer,Lincoln Demaria,N, 
Luigi G Lembo,Lindsey W Whittle,N, 
Luke S Tumlin,Lindy M Reel,N, 
Lyla Donald,Linette Q Menard,N, 
Lyla Q Donald,Linh U Ashton,N, 
Lyn Q Tso,Linn Plummer,N, 
Lyn Tso,Lino M Lizarraga,N, 
Lyndon Dunkley,Linsey P Orsini,N, 
Lynn M Blocher,Linwood H Carter,N, 
Lynwood Durfee,Linwood J Franqui,N, 
Lynwood Q Durfee,Lisa C Sheridan,N, 
Mac Lineberry,Lisette F Cowley,N, 
Mac U Palmquist,Liz R Lomonaco,N, 
Mac V Lineberry,Lizzette G Moyle,N, 
Mack L Lykes,Lizzette Moyle,N, 
Madalene J Martine,Lizzie D Ratcliff,N, 
Madelyn W Boos,Logan D Berryman,N, 
Magaly Mcneel,Lois Cozad,N, 
Magaly U Mcneel,Lona T Collar,N, 
Maire Mair,Londa Petrey,N, 
Malcolm Y Bonaparte,Londa T Maya,N, 
Malcom Darrah,Loraine Barnes,N, 
Malcom L Meister,Loralee V Ball,N, 
Man W Bean,Loren I Casady,N, 
Mandy Lavalley,Loren Isaac,N, 
Mandy W Lavalley,Lorette Y Petrillo,N, 
Marcell T Farias,Lorri Garney,N, 
Marcella Mapp,Lottie Bonin,N, 
Marcella Z Mapp,Lottie G Bonin,N, 
Marcellus H Macintyre,Lou Baine,N, 
Marcellus Jalbert,Louann X Sakamoto,N, 
Marco J Desilva,Love G Lent,N, 
Marg Dunfee,Lowell Demmer,N, 
Margarett E Mulford,Lucas Funes,N, 
Margarite E Blalock,Lucas P Funes,N, 
Margarito M Oxendine,Luciana N Campfield,N, 
Margarito O Retana,Lucienne U Clyne,N, 
Margarito Retana,Lucinda Z Borton,N, 
Marget Dials,Lucius C Moorhead,N, 
Margit E Gallion,Lucy Reiser,N, 
Margit Gallaher,Luella W Kemmerer,N, 
Margrett M Confer,Luigi G Lembo,N, 
Mariam F Pinheiro,Luke S Tumlin,N, 
Mariano F Leary,Lyla Donald,N, 
Mariano Y Kyles,Lyla Q Donald,N, 
Maricela Pendergrass,Lyn Q Tso,N, 
Marina X Quayle,Lyndon Dunkley,N, 
Maris S Briggs,Lynn M Blocher,N, 
Marissa S Hughes,Lynwood Durfee,N, 
Marivel Seiter,Lynwood Q Durfee,N, 
Mark F Hamman,Mac Lineberry,N, 
Marketta Candelaria,Mac U Palmquist,N, 
Markus J Lamm,Mac V Lineberry,N, 
Marlana W Zak,Mack L Lykes,N, 
Marleen R Guyette,Madalene J Martine,N, 
Marlon M Caddell,Madelyn W Boos,N, 
Marni O Otter,Magaly Mcneel,N, 
Mary Y Tate,Magaly U Mcneel,N, 
Maryellen E Zackery,Maire Mair,N, 
Maryellen H Hartness,Malcolm Y Bonaparte,N, 
Maryjo Mccloy,Malcom Darrah,N, 
Maryln H Springfield,Malcom L Meister,N, 
Marylouise Howland,Man W Bean,N, 
Marylyn K Ditto,Mandy Lavalley,N, 
Marylynn Ealey,Mandy W Lavalley,N, 
Marylynn G Ealey,Marcell T Farias,N, 
Mason Shiflett,Marcella Mapp,N, 
Mathilda Monty,Marcella Z Mapp,N, 
Matt D Bramblett,Marcellus H Macintyre,N, 
Mauricio I Streets,Marcellus Jalbert,N, 
Mauricio U Talty,Marco J Desilva,N, 
Maximina K Frates,Marg Dunfee,N, 
Maxwell Azevedo,Margarett E Mulford,N, 
Maxwell H Azevedo,Margarite E Blalock,N, 
Maybelle Rush,Margarito M Oxendine,N, 
Mckinley H Scofield,Margarito O Retana,N, 
Meda I Hayner,Margarito Retana,N, 
Mei H Silvera,Marget Dials,N, 
Melida R Corle,Margit E Gallion,N, 
Mellissa Hembree,Margit Gallaher,N, 
Mervin E Goering,Mariam F Pinheiro,N, 
Mervin Goering,Mariano F Leary,N, 
Meryl B Jude,Mariano Y Kyles,N, 
Meryl Gow,Maricela Pendergrass,N, 
Meryl I Nau,Marina X Quayle,N, 
Meryl Nau,Maris S Briggs,N, 
Mica Z Herzberg,Marissa S Hughes,N, 
Micaela N Buker,Marivel Seiter,N, 
Micheal F Mcleroy,Mark F Hamman,N, 
Mickey E Hentges,Marketta Candelaria,N, 
Mickey Hentges,Markus J Lamm,N, 
Micki R Jauregui,Marlana W Zak,N, 
Mignon H Ballesteros,Marleen R Guyette,N, 
Mignon Q Dills,Marlon M Caddell,N, 
Miguel P Karp,Marni O Otter,N, 
Mika J Rodriquez,Mary Y Tate,N, 
Mika Rodriquez,Maryellen E Zackery,N, 
Mike A Waddington,Maryellen H Hartness,N, 
Miles Lambert,Maryjo Mccloy,N, 
Miles N Light,Maryln H Springfield,N, 
Millicent G Mangan,Marylouise Howland,N, 
Millicent Mangan,Marylyn K Ditto,N, 
Min X Buckmaster,Marylynn Ealey,N, 
Mina P Shotwell,Marylynn G Ealey,N, 
Mina Shotwell,Mason Shiflett,N, 
Minta J Branham,Mathilda Monty,N, 
Mirian E Gorman,Matt D Bramblett,N, 
Mirtha Herzig,Mauricio I Streets,N, 
Mirtha X Herzig,Mauricio U Talty,N, 
Misti H Mendenhall,Maxwell Azevedo,N, 
Misti Royal,Maxwell H Azevedo,N, 
Moises U Hughs,Maybelle Rush,N, 
Molly U Rasch,Mckinley H Scofield,N, 
Monte F Mcginn,Meda I Hayner,N, 
Monty C Hughes,Mei H Silvera,N, 
Morgan Carriere,Melida R Corle,N, 
Morgan K Rathbun,Mellissa Hembree,N, 
Morgan Leonetti,Mervin E Goering,N, 
Morgan O Carriere,Mervin Goering,N, 
Morgan V Leonetti,Meryl B Jude,N, 
Mose Brucker,Meryl Gow,N, 
Mose O Brucker,Meryl I Nau,N, 
Mumin Yusha,Meryl Nau,N, 
Murray D Pennock,Mica Z Herzberg,N, 
Myles G Strum,Micheal F Mcleroy,N, 
Myra H Parra,Mickey E Hentges,N, 
Myron Elsea,Mickey Hentges,N, 
Myron V Elsea,Micki R Jauregui,N, 
Nadia B Rosner,Mignon H Ballesteros,N, 
Nancy V Trogdon,Mignon Q Dills,N, 
Nannette Ressler,Miguel P Karp,N, 
Nannie Z Seeman,Mika J Rodriquez,N, 
Narcisa C Rayburn,Mika Rodriquez,N, 
Natasha L Mcelhannon,Mike A Waddington,N, 
Nathan Avendano,Miles Lambert,N, 
Nathan V Avendano,Miles N Light,N, 
Nathanael G Mcmillin,Millicent G Mangan,N, 
Nathanael Halloway,Millicent Mangan,N, 
Nathanael W Ohl,Min X Buckmaster,N, 
Neil Gebhard,Mina P Shotwell,N, 
Neil V Gebhard,Mina Shotwell,N, 
Neil Z Stoughton,Minta J Branham,N, 
Nelida E Cheeks,Mirian E Gorman,N, 
Nella Mckeown,Mirtha Herzig,N, 
Nelson Dubuc,Mirtha X Herzig,N, 
Nelson O Dubuc,Misti H Mendenhall,N, 
Neomi P Pitchford,Misti Royal,N, 
Nestor T Ventura,Moises U Hughs,N, 
Nettie T Mccandless,Molly U Rasch,N, 
Newton L Cromartie,Monte F Mcginn,N, 
Newton V Scalia,Monty C Hughes,N, 
Ngoc P Pogue,Morgan Carriere,N, 
Ngoc X Watson,Morgan K Rathbun,N, 
Nicholas B Salcedo,Morgan Leonetti,N, 
Nick Q Packard,Morgan O Carriere,N, 
Nickolas G Grossi,Morgan V Leonetti,N, 
Nicola S Bellis,Mose Brucker,N, 
Nicolle A Crothers,Mose O Brucker,N, 
Nigel K Wadsworth,Mumin Yusha,N, 
Nigel O Sansom,Murray D Pennock,N, 
Nigel V Dupras,Myles G Strum,N, 
Nikia Z Thrasher,Myra H Parra,N, 
Nilsa Arambula,Myron Elsea,N, 
Noah O Love,Myron V Elsea,N, 
Noble Sanderson,Nadia B Rosner,N, 
Noel Garon,Nancy V Trogdon,N, 
Nolan V Velazco,Nannette Ressler,N, 
Norris P Ewen,Nannie Z Seeman,N, 
Novella B Osman,Natasha L Mcelhannon,N, 
Novella Osman,Nathan Avendano,N, 
Odette Gorden,Nathan V Avendano,N, 
Olevia U Cartier,Nathanael G Mcmillin,N, 
Oliver Mouzon,Nathanael Halloway,N, 
Omer H Moultrie,Nathanael W Ohl,N, 
Ona K Koepp,Neil Gebhard,N, 
Oren M Mcnabb,Neil V Gebhard,N, 
Oren Mcnabb,Neil Z Stoughton,N, 
Orval N Pichardo,Nelida E Cheeks,N, 
Orval Olinger,Nella Mckeown,N, 
Orval Q Olinger,Nelson Dubuc,N, 
Orval Q Schlesinger,Nelson O Dubuc,N, 
Orville Marcantel,Neomi P Pitchford,N, 
Orville Massey,Nestor T Ventura,N, 
Oscar R Bovee,Newton L Cromartie,N, 
Oswaldo Baumbach,Newton V Scalia,N, 
Otha Sylvester,Ngoc P Pogue,N, 
Otha T Orrell,Ngoc X Watson,N, 
Otto Reilly,Nicholas B Salcedo,N, 
Palmer O Beamer,Nick Q Packard,N, 
Pansy Duchesne,Nickolas G Grossi,N, 
Pansy F Duchesne,Nicola S Bellis,N, 
Paola R Timberlake,Nicolle A Crothers,N, 
Paris U Leite,Nigel K Wadsworth,N, 
Patria D Riedel,Nigel O Sansom,N, 
Patrick H Gilleland,Nigel V Dupras,N, 
Patty Hosey,Nikia Z Thrasher,N, 
Paz J Hegwood,Nilsa Arambula,N, 
Perry E Huddleston,Noah O Love,N, 
Perry Outland,Noble Sanderson,N, 
Pete B Donnelly,Noel Garon,N, 
Petrina B Dampier,Nolan V Velazco,N, 
Petrina Dampier,Norris P Ewen,N, 
Phil Czarnecki,Novella B Osman,N, 
Phil G Czarnecki,Novella Osman,N, 
Phil T Urena,Odette Gorden,N, 
Philip Trinidad,Olevia U Cartier,N, 
Philip X Trinidad,Oliver Mouzon,N, 
Phillip Crabill,Omer H Moultrie,N, 
Phyllis Figueredo,Ona K Koepp,N, 
Porfirio Houghton,Orval N Pichardo,N, 
Porsche Dearing,Orval Olinger,N, 
Prince Maloof,Orval Q Schlesinger,N, 
Providencia Hennings,Orville Marcantel,N, 
Queenie M Alder,Orville Massey,N, 
Quinn Linneman,Oscar R Bovee,N, 
Rachelle M Burkhead,Oswaldo Baumbach,N, 
Rafaela Madrid,Otha Sylvester,N, 
Rafaela N Madrid,Otha T Orrell,N, 
Raguel Yeager,Otto Reilly,N, 
Ramon Heldt,Palmer O Beamer,N, 
Ramona V Hemphill,Pansy Duchesne,N, 
Ramona W Rand,Pansy F Duchesne,N, 
Ramonita Z Fincher,Paola R Timberlake,N, 
Randal J Kahle,Paris U Leite,N, 
Randal Kahle,Patrick H Gilleland,N, 
Randee O Cassity,Patty Hosey,N, 
Randee X Blunt,Paz J Hegwood,N, 
Raphael W Kellner,Perry E Huddleston,N, 
Rashida M Durante,Perry Outland,N, 
Raye T Willmon,Pete B Donnelly,N, 
Raymon I Chavarria,Petrina B Dampier,N, 
Raymond U Flavin,Petrina Dampier,N, 
Raymundo Pecora,Phil Czarnecki,N, 
Reagan H Costas,Phil G Czarnecki,N, 
Reanna I Hampton,Phil T Urena,N, 
Reatha E Osby,Philip Trinidad,N, 
Rebeca Kromer,Philip X Trinidad,N, 
Reed O Vella,Phillip Crabill,N, 
Reed Vella,Phyllis Figueredo,N, 
Reggie Cramer,Porfirio Houghton,N, 
Reinaldo Castellanos,Porsche Dearing,N, 
Reinaldo G Castellanos,Prince Maloof,N, 
Renaldo K Cheatham,Providencia Hennings,N, 
Rene Morel,Queenie M Alder,N, 
Ressie Goodwyn,Quinn Linneman,N, 
Ressie I Goodwyn,Rachelle M Burkhead,N, 
Retha G Nealy,Rafaela Madrid,N, 
Rex K Dion,Rafaela N Madrid,N, 
Reyes X Segal,Raguel Yeager,N, 
Reynalda M Millwood,Ramon Heldt,N, 
Reynaldo S Service,Ramona V Hemphill,N, 
Rhett A Chapple,Ramona W Rand,N, 
Rhett H Goode,Ramonita Z Fincher,N, 
Rich Cleek,Randal J Kahle,N, 
Rich Q Rehberg,Randal Kahle,N, 
Rich Rehberg,Randee O Cassity,N, 
Richard C Truman,Randee X Blunt,N, 
Richard J Fetter,Raphael W Kellner,N, 
Richelle Haffner,Rashida M Durante,N, 
Richie I Weisz,Raye T Willmon,N, 
Rick E Armenta,Raymon I Chavarria,N, 
Rick Y Haefner,Raymond U Flavin,N, 
Rickey I Delk,Reagan H Costas,N, 
Rina L Chacon,Reanna I Hampton,N, 
Rob Spier,Reatha E Osby,N, 
Robbie N Heckman,Rebeca Kromer,N, 
Robert Ancheta,Reed O Vella,N, 
Robert C Ancheta,Reed Vella,N, 
Robert F Trudeau,Reggie Cramer,N, 
Robert Winsor,Reinaldo Castellanos,N, 
Roberto A Fresquez,Renaldo K Cheatham,N, 
Roberto U Derry,Rene Morel,N, 
Robin Z Stewart,Ressie Goodwyn,N, 
Rod Catania,Ressie I Goodwyn,N, 
Rodney Leonardo,Retha G Nealy,N, 
Rogelio Finnerty,Rex K Dion,N, 
Rogelio Ledezma,Reyes X Segal,N, 
Rolando Womble,Reynalda M Millwood,N, 
Ronnie E Swim,Rhett A Chapple,N, 
Ronnie G Gumbs,Rhett H Goode,N, 
Ronnie H Upton,Rich Cleek,N, 
Ronnie Upton,Rich Q Rehberg,N, 
Rory Syed,Rich Rehberg,N, 
Rosa Iler,Richard C Truman,N, 
Rosaline H Brenneman,Richard J Fetter,N, 
Rosalva G Shepley,Richelle Haffner,N, 
Rosanna D Standley,Richie I Weisz,N, 
Roscoe Tunney,Rick E Armenta,N, 
Roselia F Britton,Rick Y Haefner,N, 
Rosella E Marron,Rickey I Delk,N, 
Rosemarie K Fellows,Rina L Chacon,N, 
Rosetta Messerly,Rob Spier,N, 
Rosette F Cascio,Robbie N Heckman,N, 
Rosina Gonsalves,Robert Ancheta,N, 
Ross Imai,Robert C Ancheta,N, 
Rosy U Baumeister,Robert F Trudeau,N, 
Roy W Wilkie,Robert Winsor,N, 
Royal U Okeefe,Roberto A Fresquez,N, 
Royce K Goodwyn,Roberto U Derry,N, 
Rozanne N Mielke,Robin Z Stewart,N, 
Rubin Confer,Rod Catania,N, 
Rubin E Confer,Rodney Leonardo,N, 
Ruby B Hare,Rogelio Finnerty,N, 
Rueben X Pidgeon,Rogelio Ledezma,N, 
Rufus F Furlong,Rolando Womble,N, 
Rufus Neufeld,Ronnie E Swim,N, 
Russ I Teed,Ronnie G Gumbs,N, 
Russ U Belliveau,Ronnie H Upton,N, 
Russel Baumer,Ronnie Upton,N, 
Rusty Bibby,Rory Syed,N, 
Sal C Heiden,Rosa Iler,N, 
Salena I Santillan,Rosaline H Brenneman,N, 
Salena Santillan,Rosalva G Shepley,N, 
Salvatore J Lindell,Rosanna D Standley,N, 
Sam C Limones,Roscoe Tunney,N, 
Sam E Lacey,Roselia F Britton,N, 
Samantha V Lucky,Rosella E Marron,N, 
Sammy C Holtzclaw,Rosemarie K Fellows,N, 
Samuel Dart,Rosetta Messerly,N, 
Sanford Knee,Rosette F Cascio,N, 
Sarita P Schubert,Rosina Gonsalves,N, 
Scott D Torrey,Ross Imai,N, 
Scott K Ricco,Rosy U Baumeister,N, 
Selma Abram,Roy W Wilkie,N, 
Sena U Delrosario,Royal U Okeefe,N, 
Serina Lingle,Royce K Goodwyn,N, 
Seth N Lipsky,Rozanne N Mielke,N, 
Seth Willilams,Rubin Confer,N, 
Shanelle Z Hick,Rubin E Confer,N, 
Shannon J Force,Ruby B Hare,N, 
Shanti F Quirion,Rueben X Pidgeon,N, 
Shanti P Brinegar,Rufus F Furlong,N, 
Shanti Quirion,Rufus Neufeld,N, 
Shara Millsap,Russ I Teed,N, 
Sharda W Choudhury,Russ U Belliveau,N, 
Sharita Y Lombardi,Russel Baumer,N, 
Sharlene Klein,Rusty Bibby,N, 
Sharonda Janzen,Sal C Heiden,N, 
Sharri Z Gormley,Salena I Santillan,N, 
Sharyl Y Torian,Salena Santillan,N, 
Shasta F Bay,Salvatore J Lindell,N, 
Shasta P Depuy,Sam C Limones,N, 
Shavon K Wescott,Sam E Lacey,N, 
Shavonne B Boylan,Samantha V Lucky,N, 
Shavonne Henkle,Samuel Dart,N, 
Shawanda Ostlund,Sanford Knee,N, 
Shayne T Claytor,Scott K Ricco,N, 
Sheila F Bergman,Selma Abram,N, 
Shemika D Porterfield,Sena U Delrosario,N, 
Sherise Bledsoe,Serina Lingle,N, 
Sherise C Bledsoe,Seth N Lipsky,N, 
Sherlene E Mcdaniel,Seth Willilams,N, 
Sherryl B Raker,Shanelle Z Hick,N, 
Sherryl Raker,Shannon J Force,N, 
Sherwood K Shire,Shanti F Quirion,N, 
Sheryll X Broadbent,Shanti Quirion,N, 
Shirl M Caraballo,Shara Millsap,N, 
Shirley H Mettler,Sharda W Choudhury,N, 
Sidney D Amore,Sharita Y Lombardi,N, 
Silas J Wojcik,Sharlene Klein,N, 
Silas S Pyatt,Sharonda Janzen,N, 
Silvana V Hendrix,Sharri Z Gormley,N, 
Simon G Cromwell,Sharyl Y Torian,N, 
Sixta H Jo,Shasta F Bay,N, 
Sixta Jo,Shasta P Depuy,N, 
Sol Coffman,Shavon K Wescott,N, 
Sol K Roger,Shavonne B Boylan,N, 
Solange Landaverde,Shawanda Ostlund,N, 
Son D Ricketts,Shayne T Claytor,N, 
Sonny Najar,Sheila F Bergman,N, 
Sophia F Knecht,Shemika D Porterfield,N, 
Stacey H Galante,Sherise Bledsoe,N, 
Stacy B Kennell,Sherise C Bledsoe,N, 
Stan I Folks,Sherlene E Mcdaniel,N, 
Stan S Watt,Sherryl B Raker,N, 
Stanley Caudill,Sherryl Raker,N, 
Stanley F Casillas,Sheryll X Broadbent,N, 
Stanton Y Cavallaro,Shirl M Caraballo,N, 
Stasia L Daley,Shirley H Mettler,N, 
Stefanie P Rose,Sidney D Amore,N, 
Stephan Q Ranger,Silas J Wojcik,N, 
Stephnie Millman,Silas S Pyatt,N, 
Steve S Everette,Silvana V Hendrix,N, 
Steven B Daigneault,Simon G Cromwell,N, 
Steven Daigneault,Sixta H Jo,N, 
Stewart Mazurek,Sixta Jo,N, 
Stuart Fullwood,Sol Coffman,N, 
Suellen Eoff,Solange Landaverde,N, 
Sunshine F Earle,Son D Ricketts,N, 
Susan Barra,Sonny Najar,N, 
Susana H Hooks,Sophia F Knecht,N, 
Susana Hooks,Stacey H Galante,N, 
Susann A Faucett,Stacy B Kennell,N, 
Suzette F Lovejoy,Stan I Folks,N, 
Suzette Lovejoy,Stan S Watt,N, 
Sydney Trosper,Stanley Caudill,N, 
Sylvester Harmer,Stanley F Casillas,N, 
Sylvester M Harmer,Stanton Y Cavallaro,N, 
Sylvester Z Blackledge,Stasia L Daley,N, 
Tad Laster,Stefanie P Rose,N, 
Tad Portillo,Stephnie Millman,N, 
Tad V Laster,Steve S Everette,N, 
Talisha F Nicklas,Steven B Daigneault,N, 
Tamera Balser,Steven Daigneault,N, 
Tamesha I Knepper,Stuart Fullwood,N, 
Tamica J Holoman,Suellen Eoff,N, 
Tammi S Garret,Sunshine F Earle,N, 
Tammy Staples,Susan Barra,N, 
Tammy Z Lorentz,Susana Hooks,N, 
Taneka Q Church,Susann A Faucett,N, 
Tanner Y Hollenbeck,Suzette F Lovejoy,N, 
Tawanda E Buchanon,Suzette Lovejoy,N, 
Taylor O Thill,Sydney Trosper,N, 
Taylor Thill,Sylvester Harmer,N, 
Tayna L Covarrubias,Sylvester M Harmer,N, 
Teddy Kleinschmidt,Sylvester Z Blackledge,N, 
Tempie Peralta,Tad Laster,N, 
Terra D Routh,Tad Portillo,N, 
Terra Routh,Tad V Laster,N, 
Terrance E Schiefelbein,Talisha F Nicklas,N, 
Terrell J Leader,Tamesha I Knepper,N, 
Terrell Leader,Tamica J Holoman,N, 
Theda Timothy,Tammi S Garret,N, 
Theresa Fitzmaurice,Tammy Staples,N, 
Theresa R Fitzmaurice,Tammy Z Lorentz,N, 
Therese Q Belden,Tanner Y Hollenbeck,N, 
Theron T Kramer,Tawanda E Buchanon,N, 
Thomas B Felipe,Taylor O Thill,N, 
Thomas H Huang,Tayna L Covarrubias,N, 
Thora Vanhook,Teddy Kleinschmidt,N, 
Thurman T Caceres,Tempie Peralta,N, 
Tiffaney A Schoenberg,Terra D Routh,N, 
Tiffaney Schoenberg,Terra Routh,N, 
Tim N Schueller,Terrance E Schiefelbein,N, 
Tim U Kornegay,Terrell J Leader,N, 
Timmy I Poteat,Terrell Leader,N, 
Timmy Kitchens,Theda Timothy,N, 
Tinisha V Vince,Theresa Fitzmaurice,N, 
Tiny Llanos,Theresa R Fitzmaurice,N, 
Tiny Q Llanos,Theron T Kramer,N, 
Tiny Z Oliveri,Thomas B Felipe,N, 
Titus Eide,Thomas H Huang,N, 
Toby Riles,Thora Vanhook,N, 
Tod Rene,Thurman T Caceres,N, 
Toi F Stallard,Tiffaney A Schoenberg,N, 
Tomas V Krout,Tiffaney Schoenberg,N, 
Tommie S Fargo,Tim N Schueller,N, 
Tommy I Meadows,Tim U Kornegay,N, 
Tona S Huseby,Timmy I Poteat,N, 
Toney Buffum,Timmy Kitchens,N, 
Toney O Gentle,Tinisha V Vince,N, 
Toney W Bollman,Tiny Llanos,N, 
Tonia Silvis,Tiny Z Oliveri,N, 
Tonia X Silvis,Titus Eide,N, 
Tonja E Lenahan,Toby Riles,N, 
Tonja Lenahan,Tod Rene,N, 
Tony E Keough,Toi F Stallard,N, 
Tony Keough,Tomas V Krout,N, 
Towanda H Matson,Tommie S Fargo,N, 
Toya B Rawlins,Tommy I Meadows,N, 
Tracey Lapinski,Tona S Huseby,N, 
Tracie J Winebarger,Toney Buffum,N, 
Trent J Lockman,Tonia Silvis,N, 
Tressa Q Standard,Tonia X Silvis,N, 
Tressa Standard,Tonja E Lenahan,N, 
Trey Kaiser,Tonja Lenahan,N, 
Tristan L Cockrell,Tony E Keough,N, 
Tristan M Brackett,Tony Keough,N, 
Troy J Higbee,Towanda H Matson,N, 
Troy Michalski,Tracey Lapinski,N, 
Tuan L Rhymes,Tracie J Winebarger,N, 
Tyler D Galindo,Trent J Lockman,N, 
Tyler Galindo,Tressa Q Standard,N, 
Tyler N Larkins,Tressa Standard,N, 
Tyree W Linden,Trey Kaiser,N, 
Tyrell R Bramlett,Tristan L Cockrell,N, 
Tyson High,Tristan M Brackett,N, 
Ula W Hartl,Troy J Higbee,N, 
Ulysses S Abate,Troy Michalski,N, 
Un Zebrowski,Tuan L Rhymes,N, 
Ute Outen,Tyler D Galindo,N, 
Valarie O Gorecki,Tyler Galindo,N, 
Valencia M Cuffee,Tyler N Larkins,N, 
Valene R Yost,Tyree W Linden,N, 
Valene Yost,Tyrell R Bramlett,N, 
Valene Z Woodmansee,Tyson High,N, 
Valentin Escoto,Ula W Hartl,N, 
Valentin T Dearborn,Ulysses S Abate,N, 
Valentine Gibbon,Un Zebrowski,N, 
Valeria Fang,Ute Outen,N, 
Van E Broadbent,Valarie O Gorecki,N, 
Van T Dotson,Valencia M Cuffee,N, 
Vance Kuss,Valene R Yost,N, 
Vasiliki E Thoman,Valene Yost,N, 
Vasiliki Thoman,Valentin Escoto,N, 
Vaughn Garica,Valentin T Dearborn,N, 
Vaughn N Garica,Valentine Gibbon,N, 
Velda V Larue,Valeria Fang,N, 
Verla H Contreras,Van E Broadbent,N, 
Vern T Lomeli,Van T Dotson,N, 
Vernell X Amado,Vance Kuss,N, 
Verona H Brobst,Vasiliki E Thoman,N, 
Veronica I Mower,Vasiliki Thoman,N, 
Vicki V Broussard,Vaughn N Garica,N, 
Vicki Y Hargrave,Velda V Larue,N, 
Victor Helmuth,Verla H Contreras,N, 
Victoria H Musson,Vern T Lomeli,N, 
Vikki N Lezama,Verona H Brobst,N, 
Vincent N Lennon,Veronica I Mower,N, 
Vincenzo Rentschler,Vicki V Broussard,N, 
Vinita E Chamber,Vicki Y Hargrave,N, 
Violet L Ertel,Victor Helmuth,N, 
Virgil R Yuen,Victoria H Musson,N, 
Vivienne X Binion,Vincent N Lennon,N, 
Voncile P Trojanowski,Vincenzo Rentschler,N, 
Vonda U Mckinnis,Vinita E Chamber,N, 
Waldo Witmer,Virgil R Yuen,N, 
Walter B Mcmorrow,Vivienne X Binion,N, 
Walter H Hargreaves,Voncile P Trojanowski,N, 
Walter R Seddon,Vonda U Mckinnis,N, 
Walton S Keim,Waldo Witmer,N, 
Walton U Kapoor,Walter B Mcmorrow,N, 
Warner I Manly,Walter H Hargreaves,N, 
Warren L Manion,Walter R Seddon,N, 
Waylon Z Curtsinger,Walton U Kapoor,N, 
Wendolyn Riddle,Warner I Manly,N, 
Whitney N Wasinger,Warren L Manion,N, 
Wiley U Maske,Waylon Z Curtsinger,N, 
Wilfred Honore,Wendolyn Riddle,N, 
Wilhelmina Y Keaney,Whitney N Wasinger,N, 
Willia Vath,Wiley U Maske,N, 
William B Mcnerney,Wilfred Honore,N, 
Williams Timko,Wilhelmina Y Keaney,N, 
Willian Zeringue,William B Mcnerney,N, 
Willis D Weissman,Williams Timko,N, 
Wilton Florence,Willian Zeringue,N, 
Windy A Dudek,Willis D Weissman,N, 
Windy Dudek,Wilton Florence,N, 
Windy Pharr,Windy Dudek,N, 
Windy S Pharr,Windy Pharr,N, 
Windy Valadez,Windy S Pharr,N, 
Winona Slape,Windy Valadez,N, 
Wm S Goldschmidt,Winona Slape,N, 
Xochitl Hogan,Xochitl Hogan,Y,Xochitl Hogan
Xochitl Luse,Xochitl Luse,Y,Xochitl Luse
Yong Ramsey,Yong Ramsey,Y,Yong Ramsey
Young Rueb,Young Rueb,Y,Young Rueb
Young W Funes,Young W Funes,Y,Young W Funes
Yung G Booher,Yung G Booher,Y,Yung G Booher
Yvone Seay,Yvone Seay,Y,Yvone Seay
Zachary Haugland,Zachary Haugland,Y,Zachary Haugland
Zachary S Velasquez,Zachary S Velasquez,Y,Zachary S Velasquez
Zachary U Breeden,Zachary U Breeden,Y,Zachary U Breeden
Zachary Velasquez,Zachary Velasquez,Y,Zachary Velasquez
Zachery Barna,Zachery Barna,Y,Zachery Barna
Zack H Mumaw,Zack H Mumaw,Y,Zack H Mumaw
Zackary G Parkins,Zackary G Parkins,Y,Zackary G Parkins
Zana G Ordonez,Zana G Ordonez,Y,Zana G Ordonez
Zane J Hurdle,Zane J Hurdle,Y,Zane J Hurdle
Zella Renn,Zella Renn,Y,Zella Renn
Zenia D Owings,Zenia D Owings,Y,Zenia D Owings
Zoila X Nair,Zoila X Nair,Y,Zoila X Nair
